"StGroupNum","StanzaGroup","nstanzas","VBGF_Ksp","VBGF_d","Wmat","RecPower","last","r"
1,"Roundfish1",2,0.145,0.66667,0.0769,1,853,23.433768906819
2,"Roundfish2",2,0.295,0.66667,0.561,1,419,37.4019623334621
3,"Flatfish1",2,0.0761,0.66667,0.117,1,1625,38.3996823031215
4,"Flatfish2",2,0.112,0.66667,0.321,1,1104,3.30188965258789
