"StGroupNum","StanzaNum","GroupNum","Group","First","Last","Z","Leading","Biomass","Cons","QB"
1,1,4,"JuvRoundfish1",0,23,2.026,FALSE,0.130424921846617,1.09739786301064,8.41401970937124
1,2,5,"AduRoundfish1",24,853,0.42,TRUE,1.39,3.0441,2.19
2,1,6,"JuvRoundfish2",0,23,2.1,FALSE,1.23258692221178,13.4799763688044,10.9363292161299
2,2,7,"AduRoundfish2",24,419,0.425,TRUE,5.553,20.99034,3.78
3,1,8,"JuvFlatfish1",0,23,1.5,FALSE,0.0698805153865218,0.559572692784455,8.00756390661054
3,2,9,"AduFlatfish1",24,1625,0.26,TRUE,5.766,8.30304,1.44
4,1,10,"JuvFlatfish2",0,47,1.1,FALSE,0.0962858757346579,0.562653403880249,5.84357154761509
4,2,11,"AduFlatfish2",48,1104,0.18,TRUE,0.739,1.24891,1.69
